epoch,train_loss,train_acc,val_loss,val_acc,head_lr,backbone_lr
1,4.129392,0.152586,2.429529,0.372290,0.0001,1e-05
2,1.606744,0.565335,1.729526,0.535344,9.96057351e-05,9.96057351e-06
3,1.025192,0.709084,1.515099,0.588124,9.84291581e-05,9.84291581e-06
4,0.760581,0.777306,1.452902,0.614515,9.64888243e-05,9.64888243e-06
5,0.570286,0.830682,1.379469,0.642790,9.3815334e-05,9.3815334e-06
6,0.442547,0.868858,1.348413,0.645617,9.04508497e-05,9.04508497e-06
7,0.340477,0.898079,1.438533,0.647031,8.64484314e-05,8.64484314e-06
8,0.267822,0.920467,1.379039,0.652686,8.18711995e-05,8.18711995e-06
9,0.198235,0.944150,1.453895,0.666352,7.67913397e-05,7.67913397e-06
10,0.145592,0.957582,1.617421,0.651744,7.12889646e-05,7.12889646e-06
11,0.126071,0.963827,1.626016,0.662111,6.54508497e-05,6.54508497e-06
12,0.087186,0.977495,1.541949,0.677663,5.93690657e-05,5.93690657e-06
13,0.065540,0.983386,1.701819,0.669651,5.3139526e-05,5.3139526e-06
14,0.051448,0.988453,1.634840,0.678134,4.6860474e-05,4.6860474e-06
15,0.040365,0.990103,1.599339,0.685674,4.06309343e-05,4.06309343e-06
16,0.024058,0.996465,1.787804,0.680961,3.45491503e-05,3.45491503e-06
17,0.021025,0.995994,1.785290,0.687088,2.87110354e-05,2.87110354e-06
18,0.012887,0.998586,1.837381,0.676720,2.32086603e-05,2.32086603e-06
19,0.012152,0.998468,1.914833,0.683789,1.81288005e-05,1.81288005e-06
20,0.008888,0.999175,1.920309,0.688973,1.35515686e-05,1.35515686e-06
21,0.006442,0.999647,1.942289,0.691329,9.54915028e-06,9.54915028e-07
22,0.005463,0.999647,1.936375,0.694628,6.184666e-06,6.184666e-07
23,0.005546,0.999529,1.962103,0.693685,3.51117571e-06,3.51117571e-07
24,0.004711,0.999764,1.964375,0.692271,1.57084194e-06,1.57084194e-07
25,0.003839,0.999882,1.969261,0.691329,3.94264934e-07,3.94264934e-08
